id,firstname,lastname,salary,managerId
100,Gilda,Wooster,2164,230
101,Keelia,Tryck,6158,273
102,Max,Llovera,5147,929
103,Dagmar,Boycey,7100,700
104,Korrie,Tacye,7939,336
105,Melanie,Jammal,6667,888
106,Tani,Rosette,4099,
107,Ardenia,Madelene,3080,367
108,Ernesta,Raychel,7349,841
109,Dorthy,Laurianne,8343,910
110,Nerta,Lubin,6609,857
111,Maisey,Wooster,8747,509
112,Judy,Cavan,1115,725
113,Emmey,Presber,8298,668
114,Leia,Martsen,7016,807
115,Kassey,McLaughlin,5113,208
116,Libbie,Ephrem,3780,464
117,Dennie,Ciro,1119,409
118,Candy,Mayeda,1090,652
119,Roz,Cynar,7156,638
120,Helena,Yorick,3006,500
121,Dorice,Truc,1709,802
122,Bibby,Lory,3668,246
123,Steffane,Nedrud,9427,279
124,Tonia,Yorick,1965,322
125,Bernardine,Remmer,3843,988
126,Allis,Kiyoshi,6565,942
127,Vevay,Shama,1633,672
128,Dorthy,Edmund,8301,640
129,Nariko,Edvard,6120,423
130,Melodie,Orpah,6782,954
131,Karina,Ricarda,5000,801
132,Vinita,Shirberg,5970,221
133,Larine,Cimbura,7040,861
134,Meghann,Hull,6048,987
135,Shell,Magdalen,2980,122
136,Brietta,Cimbura,9012,374
137,Nyssa,Vastah,6317,342
138,Vonny,Buttaro,2792,637
139,Christy,Lacombe,3599,862
140,Krystle,Susannah,9674,820
141,Corina,Killigrew,4642,423
142,Hannis,Iiette,3621,929
143,Doro,Jalbert,8574,929
144,Anica,Hilbert,9008,762
145,Estell,Shaver,2666,864
146,Violet,Waite,7933,940
147,Tabbatha,Roscoe,4225,876
148,Tabbatha,Bearnard,8015,485
149,Clary,Johanna,1738,390
150,Jenilee,Obed,9343,762
151,Andree,Peti,8217,829
152,Ada,Narton,8801,527
153,Misha,Ajay,4486,326
154,Mariele,Joseph,9607,355
155,Marika,Konyn,2438,810
156,Sissy,Schenck,6024,938
157,Mariann,Screens,8719,265
158,Tilly,Aaberg,4283,101
159,Catharine,Saunderson,3736,1000
160,Lily,Marcellus,5000,672
161,Marcelline,Hunfredo,1447,883
162,Edyth,Alexandr,3049,918
163,Angela,Poll,9470,242
164,Dulcinea,Anselmi,5449,896
165,Karly,Damarra,7322,881
166,Caryl,Gordon,2167,787
167,Wileen,Naashom,2339,177
168,Cathie,Fancie,4289,861
169,Calla,Philoo,5158,712
170,Andeee,Kenwood,8456,770
171,Caritta,Hanshaw,7305,572
172,Elyssa,Raama,9626,167
173,Kerrin,Himelman,2079,483
174,Chrystel,Lissi,7050,280
175,Marcelline,Lunsford,2222,925
176,Miquela,Madaih,7253,299
177,Janis,Primalia,7030,708
178,Corly,Revkah,1050,521
179,Diena,Gillan,1191,621
180,Vevay,Goddard,2849,784
181,Krystle,Odell,9589,280
182,Sabina,Constancy,8237,660
183,Millie,Brieta,6776,839
184,Kayla,Shuler,4895,599
185,Anestassia,Janith,1309,490
186,Carmela,Wooster,9648,864
187,Rosanne,Talia,7187,237
188,Marita,Mata,4013,958
189,Bernardine,Curren,8418,704
190,Anica,Schenck,9276,789
191,Delilah,Dash,7069,864
192,Kylynn,Dituri,6999,194
193,Candy,Malvino,7817,861
194,Tatiania,Tatianas,4212,624
195,Alex,Barney,5870,614
196,Nelle,Birdella,9534,301
197,Stacey,Rubie,3675,418
198,Rosaline,Malina,5258,192
199,Jackie,Holtz,9369,339
200,Kara-Lynn,Ries,8521,896
201,Barbi,Woodberry,4133,253
202,Ayn,Torray,5854,625
203,Sharlene,Old,3762,115
204,Celene,Talia,7170,332
205,Perry,Pernick,4853,969
206,Dorice,Idelia,6021,319
207,Pollyanna,Muriel,2072,163
208,Yetty,Francyne,1686,617
209,Sybille,Taima,9400,905
210,Fredericka,Sammons,7110,956
211,Rani,Sabella,1293,331
212,Dari,Talia,4745,687
213,Delilah,Bendick,3722,594
214,Tierney,Nadia,1436,412
215,Alameda,Mendez,1006,673
216,Dyann,Fitzsimmons,1498,340
217,Darci,Ventre,2976,252
218,Mahalia,Sallyann,7590,159
219,Gisela,Braun,5594,242
220,Lucille,Bluh,5107,394
221,Lynnea,Henrie,5778,304
222,Allyce,Dituri,2837,852
223,Dyann,Dorothy,8466,618
224,Bobbi,Hanshaw,8210,799
225,Allyce,Hillel,1035,820
226,Jany,Shaddock,3518,160
227,Ronna,Burkle,5614,838
228,Netty,Sisile,1432,500
229,Chrystel,Payson,1499,346
230,Ronna,Thomasina,2695,371
231,Sam,Sibyls,9530,139
232,Karlee,Gibbeon,7402,680
233,Aigneis,Heidt,8159,273
234,Rebeca,Artie,2661,936
235,Vere,Lesley,9496,947
236,Catharine,Boycey,2665,922
237,Kathy,Zeeba,7485,514
238,Vonny,Podvin,7528,128
239,Sallie,Niccolo,7246,401
240,Alie,Ariella,6065,875
241,Belinda,Weaks,1174,271
242,Anallese,Ralfston,7220,555
243,Krystle,Ogren,5966,302
244,Christy,Sperling,1657,375
245,Lulita,Glenden,8826,648
246,Ofilia,Sharl,2857,183
247,Evaleen,Kermit,8800,840
248,Mignon,Edmund,7886,386
249,Jackie,Penelopa,2036,860
250,Inga,Pip,8768,173
251,Olwen,Federica,2342,250
252,Leontine,Cornelia,4796,862
253,Rani,Stacy,3932,986
254,Molli,Wesle,1283,339
255,Chere,Nance,5331,109
256,Giustina,Moina,1299,389
257,Corene,Paine,8872,106
258,Concettina,Quinn,7180,950
259,Halette,Yerkovich,3233,369
260,Pamella,Pillsbury,5657,913
261,Juliane,Brieta,8380,759
262,Angelique,Cecile,8404,254
263,Brana,Emerson,9763,191
264,Annecorinne,Burkle,8402,601
265,Dotty,Doig,9591,265
266,Janenna,Jenness,5194,499
267,Juliane,Elsinore,9752,117
268,Joelly,Hamil,5882,582
269,Candi,Kathie,6409,221
270,Brianna,Serilda,2047,435
271,Adriana,Artie,4316,768
272,Claudina,Brittani,4697,942
273,Danny,Jalbert,3672,381
274,Marinna,Wattenberg,7099,738
275,Dulce,Hanleigh,8067,100
276,Tierney,Pernick,8989,621
277,Gwenneth,Buffum,8165,546
278,Fanchon,Leler,4307,578
279,Willetta,Redmond,8573,439
280,Mary,Kamaria,4477,521
281,Queenie,Fabiola,6938,353
282,Lusa,Havens,2274,725
283,Amalie,Rese,5689,153
284,Viviene,Levey,7751,103
285,Cassondra,Fiann,2563,880
286,Paulita,Ietta,5712,176
287,Roslyn,Kamaria,1956,161
288,Pearline,Bashemeth,3600,705
289,Moyna,Latini,9081,683
290,Libbie,Etom,3171,960
291,Fayre,Palocz,9958,978
292,Aili,Lattie,5364,552
293,Courtnay,Kenney,6235,824
294,Chloris,Arquit,8905,384
295,Olivette,Maurine,9393,423
296,Kimmy,Maples,1499,813
297,Gilda,Corilla,5286,892
298,Ottilie,Philoo,8065,938
299,Annora,Carvey,5975,767
300,Mireielle,Wadell,9219,847
301,Magdalena,Leopold,2734,654
302,Alyda,Standing,3433,167
303,Ginnie,Leopold,8699,803
304,Kore,Sinegold,9294,473
305,Lory,Engdahl,4135,197
306,Mathilda,Genna,3467,439
307,Sara-Ann,Tyson,2437,477
308,Melisent,Jenness,2482,482
309,Donnie,Tristram,5756,731
310,Merci,Lasley,1306,446
311,Mahalia,LaRue,3430,676
312,Iseabal,Erlandson,2272,195
313,Zaria,Radu,8291,486
314,Pollyanna,Tamsky,9808,710
315,Ilse,Phaidra,2592,252
316,Linet,Ciro,2417,712
317,Hildegaard,Sallyann,1317,194
318,Atlanta,Nedrud,5725,183
319,Patricia,Euridice,7867,463
320,Farrah,Nea,4653,393
321,Rozele,Pillsbury,3413,117
322,Kaja,Maxi,1725,936
323,Melodie,Fillbert,2830,878
324,Teddie,Pattin,9879,110
325,Jacenta,Sikorski,9681,162
326,Lacie,Tippets,9284,621
327,Natka,Duwalt,8134,120
328,Lizzie,Connelly,9356,642
329,Jaime,Dorine,6564,189
330,Lanae,Bandeen,5521,984
331,Valli,Tacye,2660,104
332,Adelle,Stephie,8230,422
333,Riannon,Jenness,3325,317
334,Trudie,Sibyls,1269,223
335,Renae,Kenney,4852,938
336,Jeanna,Tippets,7695,848
337,Gilda,Philoo,9724,362
338,Jenda,Toffic,5927,727
339,Jaclyn,Brian,6406,781
340,Jacenta,Elvyn,2425,993
341,Fanchon,Read,8686,959
342,Kathy,Korey,6886,865
343,Ketti,Korey,4413,533
344,Sandie,Dominy,6029,441
345,Meriel,Annice,6398,621
346,Joane,Sancho,3649,522
347,Cherilyn,Sperling,2627,435
348,Aurore,Iaverne,2932,736
349,Max,Yoko,7831,423
350,Fidelia,Shirberg,6752,822
351,June,Justinn,9503,271
352,Mellicent,Warthman,1393,765
353,Carlie,Sheng,7659,951
354,Rivalee,Flita,6043,408
355,Yetty,Moseley,6092,847
356,Sharai,Mallon,2847,270
357,Monika,Elsinore,1280,230
358,Heida,Medrek,2520,713
359,Wendi,Alexandr,3471,695
360,Donetta,Hailee,9758,623
361,Benita,Adrienne,8636,889
362,June,Cornelia,9252,246
363,Belva,Fancie,5197,639
364,Clo,Orlene,1168,670
365,Alex,Darian,8885,930
366,Minda,Allare,5646,733
367,Violet,Wooster,2955,443
368,Kellen,Arvo,1077,966
369,Bernie,Payson,3372,644
370,Calla,Gherardo,6238,208
371,Kittie,Dreda,6204,496
372,Ileana,Thomasina,9352,390
373,Loree,Erb,4477,375
374,Almeta,Douglass,3650,294
375,Lorie,Dearborn,9552,285
376,Regina,Douglass,5296,193
377,Talya,Goerke,3494,194
378,Kirstin,Flita,1504,882
379,Drucie,Mauer,5426,109
380,Wanda,Dom,8458,652
381,Tami,Dash,6975,385
382,Chickie,Mozelle,7374,154
383,Andeee,Clarissa,8414,468
384,Gilligan,Weinreb,7624,433
385,Jenilee,Greenwald,7383,355
386,Amara,Hieronymus,5274,681
387,Cathie,MacIntosh,6856,997
388,Loree,Behre,3724,383
389,Frank,Docilla,9446,640
390,Sindee,Justinn,2380,457
391,Kamilah,Ellord,8195,554
392,Moyna,Suzetta,6204,123
393,Ira,Pulsifer,8945,228
394,Oona,Katrine,7196,526
395,Concettina,Wittie,7774,547
396,Randa,Stoller,3932,305
397,Aigneis,Stover,9823,974
398,Roseline,Ophelia,7807,184
399,Lynnea,Podvin,7987,354
400,Cacilie,Annabella,7444,158
401,Theodora,Barney,5653,397
402,Myriam,Hepsibah,5365,643
403,Gabriellia,Killigrew,3035,669
404,Livvyy,Jobi,3954,227
405,Katleen,Uund,9873,366
406,Marika,Destinee,9858,937
407,Tatiania,Horan,6654,542
408,Sarette,Mich,9878,175
409,Alyssa,Skell,9377,994
410,Amalie,Japeth,7924,389
411,Queenie,Dorcy,3865,325
412,Lolita,Darbie,6281,955
413,Brianna,Melleta,9300,719
414,Kassey,Horan,6510,383
415,Therine,Esmaria,7586,922
416,Berta,Tryck,2555,350
417,Diena,Center,6146,757
418,Edee,Hanleigh,1065,210
419,Briney,Astra,2472,530
420,Zondra,Atonsah,5520,642
421,Glenda,Wandie,8663,145
422,Leona,Percy,5767,136
423,Trixi,Irmine,8233,202
424,Damaris,Leffen,7472,508
425,Aurelie,Bandeen,1300,811
426,Daryl,Chaing,3882,578
427,Gerrie,Emerson,3170,768
428,Jaclyn,Trinetta,8817,909
429,Roxane,Uund,4284,136
430,Tamqrah,Amasa,6282,869
431,Carree,Kylander,7314,740
432,Adelle,Terrence,5721,484
433,Deedee,Blisse,5564,818
434,Olivette,Gregrory,6356,885
435,Xylina,Trey,9229,586
436,Chloris,Cohdwell,7105,946
437,Ginnie,Klotz,4576,106
438,Jemie,Birdella,4331,830
439,Tani,Madelene,5756,839
440,Consuela,Nisbet,2720,451
441,Trixi,Sparhawk,7121,681
442,Alleen,Alcott,7347,870
443,Modestia,Iaverne,1364,778
444,Winifred,Swanhildas,5616,248
445,Adore,Lipson,3919,193
446,Fanny,Pond,4248,384
447,Sheelagh,Seligman,9088,595
448,Sallie,Hieronymus,1987,491
449,Nelle,Laverne,9050,258
450,Kathi,Giff,5000,227
451,Vivia,Pattin,1007,689
452,Sara-Ann,Ashok,1574,178
453,Ermengarde,Izaak,7726,516
454,Max,Henrie,4854,150
455,Mahalia,Delila,4909,296
456,Sarette,Sparhawk,6031,834
457,Kylynn,Penelopa,1699,187
458,Doro,Suzetta,1708,973
459,Lilith,Chick,2323,764
460,Bernardine,Rillings,7334,194
461,Sallie,Jarib,2092,152
462,Sonni,Allys,5608,555
463,Jean,Urias,5809,462
464,Kirstin,Standing,5924,964
465,Gaylene,Terrence,5582,655
466,Cathyleen,Sprage,6696,126
467,Theodora,Christine,9916,638
468,Ivett,Pitt,2382,100
469,Charlena,Paton,3156,881
470,Glynnis,Tremayne,6545,111
471,Fawne,Edison,6222,623
472,Betta,Kelula,6681,500
473,Daryl,Bonilla,6068,362
474,Tomasina,Curren,9349,827
475,Helena,Braun,4055,422
476,Marjie,Monk,7634,838
477,Edee,Klemperer,4384,820
478,Fanchon,Ezar,1342,906
479,Briney,Ralfston,9779,552
480,Cindelyn,Auberbach,8764,480
481,Yolane,Mathilde,3676,405
482,Doro,Reneta,4189,707
483,Dyann,Middleton,5085,695
484,Brianna,Candy,3554,524
485,Brana,Cecile,3196,357
486,Sandie,Simmonds,9848,747
487,Lanae,Naashom,4817,409
488,Selia,Hedve,5653,300
489,Sandie,Klemperer,3265,252
490,Jessy,Wind,9064,890
491,Blondelle,Joachim,9150,599
492,Jsandye,Seessel,7174,845
493,Aurelie,Bonilla,9704,442
494,Sharai,Roxanna,6773,636
495,Ottilie,Anselmi,7592,294
496,Modestia,Lareena,1206,807
497,Trixi,Lymann,8482,744
498,Priscilla,Redmond,7908,890
499,Lanae,Corrine,5114,105
500,Goldie,Fitzsimmons,9662,824
501,Marcy,Newell,4513,737
502,Joceline,Merna,6407,283
503,Jennica,Ardra,6553,632
504,Hildegaard,Weaks,6640,415
505,Shaine,Leifeste,6171,883
506,Charlena,Leifeste,5870,331
507,Rubie,Phaidra,3064,329
508,Norine,Janene,3174,580
509,Deane,Wyn,2230,530
510,Katleen,Celestine,3423,215
511,Melodie,Vale,6154,425
512,Ninnetta,Old,1749,885
513,Kylynn,Camden,6094,629
514,Marleah,Hebner,3058,808
515,Albertina,Revkah,4654,431
516,Cristine,Joseph,9185,843
517,Shell,Atcliffe,7270,387
518,Jackie,Lareena,5393,880
519,Romona,Warthman,1430,108
520,Elbertina,Ajay,9334,422
521,Beth,Bivins,3686,846
522,Briney,Durware,2227,334
523,Catharine,Joli,8308,455
524,Teddie,Bendick,1608,519
525,Tomasina,Meter,3324,574
526,Basia,Firmin,7882,899
527,Eugine,Burnside,6091,474
528,Vanessa,Santoro,1115,174
529,Michaelina,Kunin,7623,912
530,Talya,Henrie,4231,683
531,Kristan,Latini,5319,158
532,Charmaine,Lucienne,7922,860
533,Chastity,Danby,8197,479
534,Margette,Cassius,3429,123
535,Elena,Johnsson,1986,475
536,Audrie,Israeli,2151,842
537,Fayre,Tremayne,7174,302
538,Henriette,Dawkins,7544,855
539,Sharai,Shields,5465,843
540,Genevra,Shuler,9116,147
541,Renie,Mike,6999,379
542,Catrina,Loleta,4246,100
543,Genovera,Stilwell,5885,181
544,Marita,Maisey,3096,873
545,Amii,Weitman,6474,329
546,Vivia,Old,8522,214
547,Moyna,Pelagias,4815,688
548,Randa,Cleo,4131,135
549,Gusty,Erlandson,6981,467
550,Livvyy,Riordan,7209,270
551,Sindee,Publia,6141,233
552,Iseabal,Lutero,9093,949
553,Elora,Bartlett,3917,784
554,Brynna,Corabella,6384,697
555,Joceline,Bonilla,7587,711
556,Maurene,Brenn,4681,873
557,Gianina,Kat,7007,593
558,Chastity,Cutlerr,9154,962
559,Ardeen,Keelia,5354,298
560,Ida,Cath,3100,103
561,Lizzie,Modie,8952,703
562,Marjie,Longfellow,9209,268
563,Hermione,Fillbert,9692,167
564,Shel,Abernon,5206,299
565,Carilyn,Goerke,5304,331
566,Joane,Arley,8090,685
567,Althea,Naashom,5437,892
568,Jere,Melan,1891,314
569,Demetris,Buckler,3794,123
570,Dulce,Rosemary,6252,735
571,Beverley,Myrilla,8436,208
572,Barbi,Whiffen,3755,567
573,Fernande,Pearse,7740,373
574,Tarra,Wittie,8612,519
575,Daphne,Regan,5435,170
576,Genevra,Cloris,9476,497
577,Kimmy,Keily,6246,747
578,Maisey,Giule,3541,356
579,Adore,Evvie,6073,647
580,Britni,Sigfrid,2107,527
581,Nariko,Fosque,3550,837
582,Juliane,Warthman,4281,896
583,Lelah,Ezar,4988,328
584,Sonni,Codding,3496,555
585,Katleen,Slifka,4365,897
586,Raf,Woodberry,9844,670
587,Briney,Bluh,6175,493
588,Delilah,Jagir,7285,926
589,Debee,Bultman,7038,451
590,Melina,Holbrook,6812,454
591,Teriann,MacIntosh,2553,543
592,Marcy,Vernier,8613,415
593,Shaine,Blisse,4265,434
594,Louella,Vastah,2478,967
595,Elbertina,Stephie,6913,330
596,Bibby,Erlandson,8885,378
597,Alex,Wattenberg,7201,830
598,Rhea,Denis,5536,689
599,Lorenza,Leary,6939,874
600,Verla,Remmer,6259,302
601,Caritta,Vins,5575,458
602,Ardeen,Bearnard,4246,401
603,Deloria,Narton,7548,601
604,Paola,Ajay,1431,770
605,Betta,Janith,1025,545
606,Courtnay,Ries,4283,469
607,Cherilyn,Kimmie,9558,376
608,Elsie,Birdella,5692,956
609,Candi,Korey,6984,255
610,Melina,Kinnard,9558,720
611,Inga,Dichy,6543,331
612,Roseline,Cottle,1326,743
613,Stevana,Concha,4881,595
614,Kathy,Seagraves,5696,947
615,Libbie,Saree,4589,887
616,Carol-Jean,Toni,1042,561
617,Mireielle,Philoo,7863,171
618,Dione,Jobi,3971,856
619,Beatriz,Alva,4107,871
620,Jean,Tannie,4242,483
621,Kassey,Sundin,3774,394
622,Kerrin,Ludewig,8283,973
623,Chastity,Durware,5527,776
624,Letizia,Weinreb,7103,963
625,Selia,Joseph,7078,404
626,Mireielle,Roxanna,7086,628
627,Randa,Abbot,9354,484
628,Ginnie,Carri,1435,429
629,Michaelina,Toffic,8983,672
630,Aeriela,Toor,7616,246
631,Hayley,Swanhildas,1433,674
632,Celestyna,Shuler,9365,269
633,Jsandye,McNully,2237,471
634,Mignon,Rhu,3183,122
635,Myrtice,Jacinda,6950,792
636,Madalyn,Kazimir,7829,898
637,Giustina,Candy,3712,742
638,Gavrielle,Juan,5556,430
639,Corry,Schonfeld,2249,450
640,Susan,Weaks,9477,974
641,Tina,Middleton,7243,255
642,Talya,Redmond,6856,551
643,Reeba,Hanshaw,6918,966
644,Karlee,Kermit,1467,892
645,Delilah,Elvyn,7224,702
646,Evaleen,Delacourt,8268,385
647,Ulrike,Halla,2003,974
648,Celisse,Bollay,6185,224
649,Shauna,Infield,5087,503
650,Kristina,Zamora,9276,501
651,Shaylyn,Philipp,3452,950
652,Stevana,Cornelia,3271,460
653,Marti,Drus,7459,411
654,Charlena,Berne,7850,288
655,Ilse,Devlen,7080,997
656,Melodie,Gamaliel,1452,342
657,Nonnah,Maurine,7871,301
658,Nessie,Yerkovich,6777,564
659,Ivett,Saree,9187,224
660,Frieda,Parette,5423,177
661,Dari,Huggins,2202,209
662,Jasmina,Ehrman,1938,447
663,Coral,Vacuva,1465,759
664,Kellen,Madaih,1210,647
665,Suzette,Engdahl,6747,765
666,Amii,Ovid,7504,194
667,Malina,Blase,8277,562
668,Rosabelle,Zrike,5509,893
669,Sadie,Jerold,8993,741
670,Joane,Brenn,7392,247
671,Lizzie,Dreda,8441,932
672,Kaia,Parsaye,9954,895
673,Karly,Moseley,8902,141
674,Florie,Payson,4293,305
675,Marjie,Hailee,3702,293
676,Sashenka,Thunell,8894,472
677,Addia,Hylan,4413,959
678,Sibella,Camden,1961,940
679,Marguerite,Havens,1139,513
680,Charissa,Valerio,1531,151
681,Ardys,Himelman,5124,437
682,Stevana,Blisse,6209,380
683,Blake,Glovsky,6353,183
684,Madalyn,Isacco,8529,281
685,Malina,Radu,9440,556
686,Cam,Cleavland,1176,393
687,Edee,Ulphia,2645,464
688,Candy,Louanna,2113,102
689,Latisha,Elsinore,6013,223
690,Corry,Phi,8004,350
691,Aurelie,Seessel,1072,237
692,Rani,Kravits,9674,994
693,Lorie,Suanne,2266,358
694,Nikki,Abram,7268,146
695,Jessy,Celestine,2966,488
696,Stephanie,Bates,6509,308
697,Yetty,Erskine,4067,134
698,Valli,Talia,2546,909
699,Sheelagh,Gilbertson,5152,257
700,Tiffie,Raffo,4275,585
701,Sindee,Remmer,6418,484
702,Dode,Xerxes,9331,859
703,Joane,Thar,6821,466
704,Darci,Brittani,6704,212
705,Molli,Kesley,5052,144
706,Fernande,Santoro,1720,503
707,Emylee,Ruvolo,7368,896
708,Georgetta,Vharat,7418,994
709,Tamqrah,Henrie,4209,657
710,Florie,Georas,9054,774
711,Randa,Ranjiv,1223,800
712,Ronna,Aprile,5294,686
713,Hyacinthe,Rustice,1263,682
714,Claresta,Woodberry,2782,273
715,Justinn,Verger,3177,763
716,Darlleen,Fennessy,2627,535
717,Di,Wu,6562,705
718,Rhoda,Hepsibah,8083,980
719,Danika,Edvard,4995,508
720,Georgetta,Pauly,4589,342
721,Alameda,Geffner,5246,887
722,Regina,Erb,1885,716
723,Latisha,Pip,8110,776
724,Aimil,Ogren,6527,916
725,Cristabel,Thilda,1412,566
726,Chrystel,Talia,4641,540
727,Heddie,Nickola,7256,445
728,Tani,Louanna,3329,846
729,Caressa,Elsinore,7377,320
730,Rayna,Juliet,9637,285
731,Wilma,Ophelia,5524,669
732,Atlanta,Earlie,1034,708
733,Aurelie,Hepsibah,6827,162
734,Bobinette,Gombach,7784,305
735,Cacilie,Neva,5544,921
736,Edyth,Roscoe,8575,583
737,Sandie,Eno,9396,921
738,Amalie,Vins,2590,508
739,Josephine,Rubie,5408,955
740,Dania,Lubin,8746,260
741,Eugine,Modie,5879,890
742,Blake,Kamaria,3734,326
743,Pierette,Edmund,2570,744
744,Danny,Poppy,8952,126
745,Vita,Ietta,3895,728
746,Florencia,Kress,5804,611
747,Gusty,Alfons,8619,728
748,Coral,Bluh,4753,692
749,Tori,Margarete,4649,449
750,Glynnis,Herrera,8368,535
751,Dania,Melan,6756,663
752,Dulcinea,Sasnett,3568,302
753,Ana,Gilbertson,3132,153
754,Dacia,Jacinda,4216,712
755,Elena,Tomasina,2471,502
756,Bobinette,Jalbert,3484,126
757,Josephine,Agle,1568,305
758,Paola,Vittoria,2038,522
759,Alejandra,Hebner,7062,547
760,Candy,Jehu,2533,909
761,Andeee,Kaete,8512,769
762,Pierette,Loring,3055,616
763,Mathilda,Rubie,7334,291
764,Ericka,Clie,4814,327
765,Libbie,Darbie,9817,275
766,Sybille,Ogren,1725,357
767,Mallory,Darrell,2996,402
768,Nanete,Emerson,1883,987
769,Roslyn,Mike,7891,628
770,Jordan,Forrer,1864,522
771,Joelly,Lorain,6412,541
772,Linet,Erb,1248,208
773,Karly,Bennie,7939,422
774,Nicoli,Shields,8996,802
775,Raf,Saint,7020,603
776,Kamilah,Cloris,5005,320
777,Juliane,Maisey,6325,533
778,Emmey,Hunfredo,1612,918
779,Nessie,Vary,8011,509
780,Libbie,Esmaria,5709,266
781,Theodora,Beebe,7724,206
782,Calla,Middleton,6556,789
783,Cam,Bluh,3813,389
784,Almeta,Drus,4656,383
785,Mathilda,Henebry,8611,145
786,Merry,Richers,5133,561
787,Nariko,Baptlsta,2012,365
788,Yetty,Othilia,8065,406
789,Gretal,Wilkinson,9145,987
790,Jolyn,Westphal,6738,896
791,Kittie,Claudine,6039,303
792,Roseline,Drus,3293,413
793,Leanna,Bartlett,1438,866
794,Cassondra,Gaulin,2647,662
795,Gwenneth,Vivle,7935,499
796,Janis,Hourigan,7880,532
797,Cherrita,Granoff,8664,866
798,Rochette,Sophronia,7878,376
799,Melisent,Bigner,2476,564
800,Hannis,Merell,8468,939
801,Althea,Holbrook,7194,649
802,Katharina,Rubie,2129,899
803,Agathe,Morehouse,7070,284
804,Roz,Yoko,5544,405
805,Fred,Kimmie,1849,972
806,Stevana,Ellerey,1444,967
807,Regina,Lanita,6904,509
808,Eolanda,Penelopa,6507,236
809,Alexine,Jaylene,2497,267
810,Millie,Hoenack,8197,787
811,Clo,Gahl,1705,437
812,Cam,Goth,1926,196
813,Selia,Bouchard,4775,109
814,Bertine,Janene,5539,677
815,Siana,Bettine,2875,190
816,Madeleine,Linskey,2658,891
817,Addia,Dermott,3224,202
818,Thalia,Vacuva,2165,171
819,Nessie,Narton,3777,703
820,Tera,Jacqui,3696,172
821,Brianna,Bari,2104,287
822,Kate,Masao,2045,834
823,Keelia,Kelula,7603,815
824,Thalia,Hillel,3544,806
825,Corry,Cimbura,1600,104
826,Caryl,Regan,2873,101
827,Cassondra,Persse,3140,269
828,Katharina,Havens,2375,223
829,Wilma,Elo,3316,749
830,Melina,Dawkins,3274,495
831,Aigneis,Bari,1916,934
832,Karolina,Pauly,8130,420
833,Gabi,Dituri,2726,540
834,Nessie,Darrell,3465,944
835,Dianemarie,Dahlia,1333,291
836,Wendi,Roscoe,2981,632
837,Elena,Gino,3463,822
838,Sheree,Firmin,7320,158
839,Lynnea,MacIntosh,2599,292
840,Evita,Ephrem,6581,352
841,Fina,Eiser,1873,771
842,Lonnie,Leopold,9196,602
843,Ginnie,Tippets,4022,433
844,Gerianna,Meli,4590,396
845,Cathie,Howlyn,2458,380
846,Maridel,Camden,4966,413
847,Sashenka,Lamoree,4480,118
848,Caressa,Malanie,5150,902
849,Jemie,Zeeba,3710,894
850,Ezmeralda,Rurik,2238,994
851,Henriette,Ammann,3066,734
852,Heida,Modie,3574,761
853,Britni,Leler,8162,127
854,Lorie,Norvol,6951,730
855,Aubrie,Uird,5956,546
856,Helena,Latini,6429,959
857,Gusella,Etom,5111,266
858,Raina,Bennie,3089,144
859,Basia,Saunderson,9081,590
860,Jackie,Jess,6443,142
861,Florencia,Thad,7954,909
862,Bibby,Winthorpe,4124,629
863,Carmencita,Eben,2229,335
864,Heddie,Greenwald,6419,425
865,Nicoli,Chick,8313,686
866,Berta,Corilla,3153,719
867,Inga,Stephie,3704,459
868,Lily,Behre,9605,135
869,Lily,Brenn,4743,241
870,Tamqrah,Freddi,9511,483
871,Genovera,Othilia,7852,935
872,Anestassia,Talia,4839,333
873,Frances,Teryn,4768,975
874,Petronia,Faria,9233,682
875,Emmey,Brackely,9887,209
876,Janenna,Daniele,1752,373
877,Di,Munn,3798,794
878,Margette,Tippets,6247,535
879,Rebeca,Talia,1610,946
880,Marcy,Pierette,3607,388
881,Jany,Kronfeld,4685,851
882,Cissiee,Demitria,1197,492
883,Tilly,Tengdin,4840,793
884,Willetta,Lea,8223,392
885,Kalina,Sherrie,6150,824
886,Jillayne,Herrera,7151,884
887,Pierette,Felizio,2093,666
888,Arlina,Kiersten,6370,767
889,Ronna,Kylander,3195,885
890,Lynde,Astra,4319,101
891,Alie,Martsen,2027,698
892,Verla,Tyson,9196,248
893,Tybie,Koehler,1853,734
894,Robinia,Matthew,4398,744
895,Kristina,Rubie,9228,527
896,Genovera,Cath,5903,124
897,Roberta,Dichy,3569,299
898,Ardys,Si,6240,261
899,Georgina,Carleen,3845,601
900,Raquela,Teddman,3219,987
901,Christy,Harriman,8663,504
902,Gwyneth,Strephon,4284,804
903,Agnese,Joeann,5077,280
904,Mallory,Cleavland,5421,937
905,Dawn,Dunkin,3035,813
906,Ketti,McAdams,3320,784
907,Ann-Marie,Simmonds,2151,367
908,Deedee,Dorcy,4190,395
909,Deane,Phyllis,3013,931
910,Kaia,Ezar,1019,717
911,Luci,Gwenore,6962,856
912,Inga,Bigner,7281,199
913,Jinny,Danby,8732,769
914,Renae,Quent,1557,698
915,Danika,Deegan,7092,708
916,Lita,Tiffa,8908,426
917,Philis,Martsen,1834,317
918,Ardeen,Dichy,4798,283
919,Roslyn,Bibi,2134,394
920,Myrtice,Rodmann,3717,898
921,Olivette,Juan,7748,569
922,Marjie,Love,6191,500
923,Feliza,Ardeha,5837,281
924,Dulce,Goerke,4732,965
925,Heddie,Azeria,1718,886
926,Dale,Rhu,7458,347
927,Adelle,Saunderson,2176,554
928,Adele,Freddi,9859,730
929,Aubrie,Goode,4343,224
930,Di,Dulciana,6616,342
931,Kial,Idelia,1120,215
932,Debee,Beniamino,3416,401
933,Valeda,Sherrie,6589,207
934,Brana,Schwejda,4461,667
935,Helena,Paton,8932,844
936,Marguerite,Ogren,6040,174
937,Gabriellia,Elephus,8990,240
938,Jenda,Douglass,4814,719
939,Nicoli,Izaak,3774,383
940,Merry,Alarise,8849,308
941,Constance,Rosemary,8049,828
942,Valli,Ricki,9966,428
943,Ginnie,Klotz,5064,371
944,Darlleen,Helve,1833,216
945,Lila,Kristi,9749,762
946,Bill,Si,6064,415
947,Emylee,Rheingold,5145,949
948,Clary,Peti,3512,785
949,Morganica,Drisko,9368,929
950,Lizzie,Fosque,8855,506
951,Sallie,Japeth,4779,805
952,Dennie,Lamoree,4867,222
953,Ashlee,Ezar,7360,143
954,Merci,Gombach,4963,172
955,Celestyna,Vanni,4552,510
956,Misha,Monk,5874,377
957,Shel,Ranjiv,6993,953
958,Ida,Natica,3774,230
959,Tiffie,Hebner,2517,726
960,Robinia,Lutero,7027,358
961,Vinita,Amasa,6988,444
962,Maisey,Linskey,9589,609
963,Alejandra,Mott,1607,893
964,Kimberley,Zenas,4187,437
965,Rozele,Orpah,8658,657
966,Heida,Martguerita,5005,166
967,Michaelina,Berne,9957,638
968,Sashenka,Juliet,6979,422
969,Dyann,Arley,2660,647
970,Florie,Tristram,7054,629
971,Sean,Eckblad,6309,693
972,Mara,Lenny,1053,466
973,Patricia,Bobbee,3392,175
974,Anestassia,Holtz,5333,436
975,Carree,Ax,4677,738
976,Keelia,Orpah,3933,562
977,Nananne,Primalia,5250,635
978,Katharina,Pyle,5901,378
979,Evita,Mike,3801,834
980,Bernie,Creamer,8026,608
981,Odessa,Saint,7352,325
982,Vevay,Claudine,9297,319
983,Desirae,Westphal,4400,449
984,Eve,Creamer,4664,557
985,Melodie,Frodi,4701,586
986,Asia,Audly,8609,984
987,Nessie,Riordan,4683,722
988,Blake,Kosey,8613,468
989,Teddie,Raffo,3689,980
990,Vonny,Donoghue,9895,914
991,Queenie,Ummersen,2127,894
992,Brana,Chandler,8667,455
993,Elyssa,Tufts,2236,882
994,Christian,Rolf,6354,350
995,Korrie,Honoria,6901,667
996,Marcelline,Felizio,7534,880
997,Brietta,Junie,2126,331
998,Nariko,Slifka,7392,550
999,Katharina,Bashemeth,3615,630
1000,Celene,Lilas,4295,394
1001,Rivalee,Tatianas,4237,240
1002,Candy,Merna,4125,991
1003,Claudina,Knowling,9329,472
1004,Stephanie,Percy,9714,380
1005,Rochette,Middleton,1726,941
1006,Jackie,Stover,1941,851
1007,Cassandra,Toor,7076,933
1008,Kimberley,Erminia,7626,874
1009,Dolli,Fiester,1566,489
1010,Celisse,Aprile,7938,819
1011,Zia,Chauncey,1828,218
1012,Averyl,Craggie,9055,893
1013,Penelopa,Dreda,1811,439
1014,Cindelyn,Lareena,9754,218
1015,Margette,Lemuela,4610,313
1016,Nananne,Garek,3285,630
1017,Asia,Arathorn,4262,764
1018,Consuela,Arne,5544,769
1019,Beth,Fulmer,2384,276
1020,Alyssa,LaRue,9872,401
1021,Melanie,Socha,4199,256
1022,Rani,Saunderson,2596,295
1023,Joane,Linskey,8340,332
1024,Aurelie,Rona,1955,504
1025,Kate,Adore,8901,150
1026,Ardenia,Lynn,9090,205
1027,Lila,Raul,5473,420
1028,Kaia,Baptlsta,9750,443
1029,Katuscha,Christine,8080,706
1030,Wileen,Faro,9568,215
1031,Kirbee,Shanley,6646,491
1032,Codie,Jacobah,5535,641
1033,Alejandra,Sibyls,7374,286
1034,Netty,Cohdwell,4639,737
1035,Averyl,Han,9103,215
1036,Queenie,Jalbert,1120,355
1037,Paule,Dosia,9318,126
1038,Binny,Maroney,2333,771
1039,Paule,Odysseus,3339,405
1040,Jolyn,Fancie,2582,954
1041,Dorothy,Bury,9967,293
1042,Gaylene,Randene,5184,263
1043,Britni,Keelia,5343,999
1044,Sybille,Leffen,7544,875
1045,Abbie,Angelis,1348,958
1046,Olivette,Seligman,9425,404
1047,Phedra,Gillan,7947,401
1048,Elbertina,Weinreb,8325,453
1049,Hayley,Pearse,8001,320
1050,Hildegaard,Gower,3008,120
1051,Lynnea,Tengdin,4644,494
1052,Di,Zitvaa,9887,605
1053,Janis,Sigfrid,4920,638
1054,Gratia,Thad,4456,846
1055,Minda,Eugenia,6868,295
1056,Neila,Montgomery,8209,786
1057,Hallie,Alejoa,9218,196
1058,Christian,Taam,2220,976
1059,Taffy,Leler,8367,147
1060,Emilia,Danby,5315,598
1061,Jemie,Desai,4175,550
1062,Laurene,Madelene,2166,215
1063,Shannah,Zamora,2294,425
1064,Louella,Chaing,8069,235
1065,Candy,Remmer,2251,362
1066,Teddie,Bobbee,8394,255
1067,Damaris,Gaulin,8197,859
1068,Ermengarde,Lilas,4901,818
1069,Mellicent,Christine,3017,530
1070,Nannie,Meli,7471,917
1071,Carol-Jean,Goddard,1533,856
1072,Silvana,Regan,2462,890
1073,Ermengarde,Solitta,5533,104
1074,Louella,Aida,3778,106
1075,Aryn,Lanita,6207,429
1076,Cacilie,Myrilla,7621,219
1077,Vonny,Woodberry,6170,605
1078,Emelina,Faso,5264,964
1079,Tabbatha,Land,5487,293
1080,Chandra,Mullane,5736,611
1081,Tina,Fosque,2010,450
1082,Rhea,Ruvolo,3293,819
1083,Verla,Othilia,8411,296
1084,Nickie,Chesna,5069,921
1085,Zondra,Ricki,9062,270
1086,Viki,Nore,9674,520
1087,Violet,Delp,3930,964
1088,Chere,Goerke,7442,600
1089,Dyann,Christine,8052,244
1090,Wanda,Chick,3800,983
1091,Wilma,Norvol,8428,571
1092,Ricky,Harday,1726,800
1093,Cherilyn,Ovid,8911,968
1094,Jany,Isacco,6165,630
1095,Cassandra,Esmaria,7993,585
1096,Lanae,Sawtelle,4432,109
1097,Aili,Bord,4506,530
1098,Zaria,Helve,1394,348
1099,Sibella,Baudin,2751,562